Room,Location,Map / Photo,Floor Plans,Venue type
Meeting Room 4 (MR 4),COM1 01-22,https://www.comp.nus.edu.sg/maps/photos#com1,https://www.comp.nus.edu.sg/images/resources/content/mapsvenues/COM1_L1.jpg,Meeting Room (MR)
Meeting Room 5 (MR 5),COM1 01-18,https://www.comp.nus.edu.sg/maps/photos#com1,https://www.comp.nus.edu.sg/images/resources/content/mapsvenues/COM1_L1.jpg,Meeting Room (MR)
Meeting Room 6 (MR 6),AS6 05-10,https://www.comp.nus.edu.sg/maps/photos#as6,https://www.comp.nus.edu.sg/images/resources/content/mapsvenues/AS6_L5.jpg,Meeting Room (MR)
Meeting Room 7 (MR 7),I3 03-01,https://www.comp.nus.edu.sg/maps/photos#ICUBE,https://www.comp.nus.edu.sg/images/resources/content/mapsvenues/ICUBE_L3.jpg,Meeting Room (MR)
Meeting Room 8 (MR 8),I3 03-48,https://www.comp.nus.edu.sg/maps/photos#ICUBE,https://www.comp.nus.edu.sg/images/resources/content/mapsvenues/ICUBE_L3.jpg,Meeting Room (MR)
Meeting Room 9 (MR 9),I3 03-49,https://www.comp.nus.edu.sg/maps/photos#ICUBE,https://www.comp.nus.edu.sg/images/resources/content/mapsvenues/ICUBE_L3.jpg,Meeting Room (MR)
Cerebro@SoC,COM1 02-05,https://www.comp.nus.edu.sg/maps/photos#com1,https://www.comp.nus.edu.sg/images/resources/content/mapsvenues/COM1_L2.jpg,Executive/ Video Conference Room (EC)/ Multipurpose Space/ Outreach Room
CHI Executive Training Room,I3 03-40,https://www.comp.nus.edu.sg/maps/photos#ICUBE,https://www.comp.nus.edu.sg/images/resources/content/mapsvenues/ICUBE_L3.jpg,Executive/ Video Conference Room (EC)/ Multipurpose Space/ Outreach Room
Executive Classroom (EC),COM2 04-02,https://www.comp.nus.edu.sg/maps/photos#com2,https://www.comp.nus.edu.sg/images/resources/content/mapsvenues/COM2_L4.jpg,Executive/ Video Conference Room (EC)/ Multipurpose Space/ Outreach Room
Multipurpose Space,COM2 04-01,https://www.comp.nus.edu.sg/maps/photos#com2,https://www.comp.nus.edu.sg/images/resources/content/mapsvenues/COM2_L4.jpg,Executive/ Video Conference Room (EC)/ Multipurpose Space/ Outreach Room
STMI Executive Training Room,I3 03-44 (I3-0344),https://www.comp.nus.edu.sg/maps/photos#ICUBE,https://www.comp.nus.edu.sg/images/resources/content/mapsvenues/ICUBE_L3.jpg,Executive/ Video Conference Room (EC)/ Multipurpose Space/ Outreach Room
Video Conference Room (VC),COM1 02-13 (COM1-VCRM),https://www.comp.nus.edu.sg/maps/photos#com1,https://www.comp.nus.edu.sg/images/resources/content/mapsvenues/COM1_L2.jpg,Executive/ Video Conference Room (EC)/ Multipurpose Space/ Outreach Room
Discussion Area a401F,AS6 level 4,https://www.comp.nus.edu.sg/maps/photos#as6,https://www.comp.nus.edu.sg/images/resources/content/mapsvenues/AS6_L4.jpg,Discussion Room (DR)
Discussion Area a421F,AS6 level 4,https://www.comp.nus.edu.sg/maps/photos#as6,https://www.comp.nus.edu.sg/images/resources/content/mapsvenues/AS6_L4.jpg,Discussion Room (DR)
Discussion Room 1 (DR 1),COM1 B-14B (COM1 B1-14B),https://www.comp.nus.edu.sg/maps/photos#com1,https://www.comp.nus.edu.sg/images/resources/content/mapsvenues/COM1_Basement.jpg,Discussion Room (DR)
Discussion Room 2 (DR 2),COM1 B-14A (COM1 B1-14A),https://www.comp.nus.edu.sg/maps/photos#com1,https://www.comp.nus.edu.sg/images/resources/content/mapsvenues/COM1_Basement.jpg,Discussion Room (DR)
Discussion Room 3 (DR 3),COM1 B-07 (COM1 B1-07),https://www.comp.nus.edu.sg/maps/photos#com1,https://www.comp.nus.edu.sg/images/resources/content/mapsvenues/COM1_Basement.jpg,Discussion Room (DR)
Discussion Room 4 (DR 4),COM1 B-06 (COM1 B1-06),https://www.comp.nus.edu.sg/maps/photos#com1,https://www.comp.nus.edu.sg/images/resources/content/mapsvenues/COM1_Basement.jpg,Discussion Room (DR)
Discussion Room 6 (DR 6),COM2 02-12,https://www.comp.nus.edu.sg/maps/photos#com2,https://www.comp.nus.edu.sg/images/resources/content/mapsvenues/COM2_L2.jpg,Discussion Room (DR)
Discussion Room 7 (DR 7),COM2 03-14,https://www.comp.nus.edu.sg/maps/photos#com2,https://www.comp.nus.edu.sg/images/resources/content/mapsvenues/COM2_L3.jpg,Discussion Room (DR)
Discussion Room 8 (DR 8),COM2 03-30,https://www.comp.nus.edu.sg/maps/photos#com2,https://www.comp.nus.edu.sg/images/resources/content/mapsvenues/COM2_L3.jpg,Discussion Room (DR)
Discussion Room 9 (DR 9),COM2 04-06,https://www.comp.nus.edu.sg/maps/photos#com2,https://www.comp.nus.edu.sg/images/resources/content/mapsvenues/COM2_L4.jpg,Discussion Room (DR)
Discussion Room 10 (DR 10),COM2 02-24,https://www.comp.nus.edu.sg/maps/photos#com2,https://www.comp.nus.edu.sg/images/resources/content/mapsvenues/COM2_L2.jpg,Discussion Room (DR)
Discussion Room 11 (DR 11),COM2 02-23,https://www.comp.nus.edu.sg/maps/photos#com2,https://www.comp.nus.edu.sg/images/resources/content/mapsvenues/COM2_L2.jpg,Discussion Room (DR)
Discussion Room 12 (DR 12),COM1 02-20,https://www.comp.nus.edu.sg/maps/photos#com1,https://www.comp.nus.edu.sg/images/resources/content/mapsvenues/COM1_L2.jpg,Discussion Room (DR)
Seminar Room 1 (SR 1),COM1 02-06 (COM1-0206),https://www.comp.nus.edu.sg/maps/photos#com1,https://www.comp.nus.edu.sg/images/resources/content/mapsvenues/COM1_L2.jpg,Seminar Room (SR)
Seminar Room 2 (SR 2),COM1 02-04 (COM1-0204),https://www.comp.nus.edu.sg/maps/photos#com1,https://www.comp.nus.edu.sg/images/resources/content/mapsvenues/COM1_L2.jpg,Seminar Room (SR)
Seminar Room 3 (SR 3),COM1 02-12 (COM1-0212),https://www.comp.nus.edu.sg/maps/photos#com1,https://www.comp.nus.edu.sg/images/resources/content/mapsvenues/COM1_L2.jpg,Seminar Room (SR)
Seminar Room 4 (SR 4),AS3 06-20/21 (AS3-0620),https://www.comp.nus.edu.sg/maps/photos#as3,https://www.comp.nus.edu.sg/images/resources/content/mapsvenues/AS3_L6.jpg,Seminar Room (SR)
Seminar Room 5 (SR 5),COM1 02-01 (COM1-0201),https://www.comp.nus.edu.sg/maps/photos#com1,https://www.comp.nus.edu.sg/images/resources/content/mapsvenues/COM1_L2.jpg,Seminar Room (SR)
Seminar Room 6 (SR 6),COM1 02-03 (COM1-0203),https://www.comp.nus.edu.sg/maps/photos#com1,https://www.comp.nus.edu.sg/images/resources/content/mapsvenues/COM1_L2.jpg,Seminar Room (SR)
Seminar Room 7 (SR 7),COM1 02-07 (COM1-0207),https://www.comp.nus.edu.sg/maps/photos#com1,https://www.comp.nus.edu.sg/images/resources/content/mapsvenues/COM1_L2.jpg,Seminar Room (SR)
Seminar Room 8 (SR 8),COM1 02-08 (COM1-0208),https://www.comp.nus.edu.sg/maps/photos#com1,https://www.comp.nus.edu.sg/images/resources/content/mapsvenues/COM1_L2.jpg,Seminar Room (SR)
Seminar Room 9 (SR 9),COM1 02-09 (COM1-0209),https://www.comp.nus.edu.sg/maps/photos#com1,https://www.comp.nus.edu.sg/images/resources/content/mapsvenues/COM1_L2.jpg,Seminar Room (SR)
Seminar Room 10 (SR 10),COM1 02-10 (COM1-0210),https://www.comp.nus.edu.sg/maps/photos#com1,https://www.comp.nus.edu.sg/images/resources/content/mapsvenues/COM1_L2.jpg,Seminar Room (SR)
Seminar Room @ LT19,COM2 Level 1,https://www.comp.nus.edu.sg/maps/photos#com2,https://www.comp.nus.edu.sg/images/resources/content/mapsvenues/COM2_L1.jpg,Seminar Room (SR)
Tutorial Room 1 (TR 1),AS3 06-10 (AS3-0610),https://www.comp.nus.edu.sg/maps/photos#as3,https://www.comp.nus.edu.sg/images/resources/content/mapsvenues/AS3_L6.jpg,Tutorial Room (TR)
Tutorial Room 2 (TR 2),AS3 06-11 (AS3-0611),https://www.comp.nus.edu.sg/maps/photos#as3,https://www.comp.nus.edu.sg/images/resources/content/mapsvenues/AS3_L6.jpg,Tutorial Room (TR)
Tutorial Room 3 (TR 3),AS6 02-08 (AS6-0208),https://www.comp.nus.edu.sg/maps/photos#as6,https://www.comp.nus.edu.sg/images/resources/content/mapsvenues/AS6_L2.jpg,Tutorial Room (TR)
Tutorial Room 4 (TR 4),AS6 02-10 (AS6-0210),https://www.comp.nus.edu.sg/maps/photos#as6,https://www.comp.nus.edu.sg/images/resources/content/mapsvenues/AS6_L2.jpg,Tutorial Room (TR)
Tutorial Room 5 (TR 5),AS6 02-11 (AS6-0211),https://www.comp.nus.edu.sg/maps/photos#com1,https://www.comp.nus.edu.sg/images/resources/content/mapsvenues/AS6_L2.jpg,Tutorial Room (TR)
Tutorial Room 9 (TR 9),COM2 01-08 (COM2-0108),https://www.comp.nus.edu.sg/maps/photos#com2,https://www.comp.nus.edu.sg/images/resources/content/mapsvenues/COM2_L1.jpg,Tutorial Room (TR)
Tutorial Room 10 (TR 10),COM1 02-17 (COM1-0217),https://www.comp.nus.edu.sg/maps/photos#com1,https://www.comp.nus.edu.sg/images/resources/content/mapsvenues/COM1_L2.jpg,Tutorial Room (TR)
Tutorial Room 11 (TR 11),COM1 02-16 (COM1-0216),https://www.comp.nus.edu.sg/maps/photos#com1,https://www.comp.nus.edu.sg/images/resources/content/mapsvenues/COM1_L2.jpg,Tutorial Room (TR)
LT15,AS6 Level 1,https://www.comp.nus.edu.sg/maps/photos#lt15,-,Lecture Theatre (LT)/Auditorium
LT19,COM2 Level 1,https://www.comp.nus.edu.sg/maps/photos#lt19,https://www.comp.nus.edu.sg/images/resources/content/mapsvenues/COM2_L1.jpg,Lecture Theatre (LT)/Auditorium
Auditorium,I3 Aud,https://www.comp.nus.edu.sg/maps/photos#ICUBE,https://www.comp.nus.edu.sg/images/resources/content/mapsvenues/ICUBE_L1.jpg,Lecture Theatre (LT)/Auditorium
ARTIFICIAL INTELLIGENCE Lab 1: Adaptive Computing,COM1 01-12,https://www.comp.nus.edu.sg/maps/photos#com1,https://www.comp.nus.edu.sg/images/resources/content/mapsvenues/COM1_L1.jpg,Research Laboratories (Lab)
ARTIFICIAL INTELLIGENCE Lab 2: Information Mining and Extraction,COM1 01-09,https://www.comp.nus.edu.sg/maps/photos#com1,https://www.comp.nus.edu.sg/images/resources/content/mapsvenues/COM1_L1.jpg,Research Laboratories (Lab)
ARTIFICIAL INTELLIGENCE Lab 3: Medical Computing,COM1 01-19,https://www.comp.nus.edu.sg/maps/photos#com1,https://www.comp.nus.edu.sg/images/resources/content/mapsvenues/COM1_L1.jpg,Research Laboratories (Lab)
ARTIFICIAL INTELLIGENCE Lab 3B:AI Research Lab,UT25 01-02,https://www.comp.nus.edu.sg/maps/photos#utown,,Research Laboratories (Lab)
COMPUTATIONAL BIOLOGY RESEARCH Lab 1: Computational Biology,COM1 01-21,https://www.comp.nus.edu.sg/maps/photos#com1,https://www.comp.nus.edu.sg/images/resources/content/mapsvenues/COM1_L1.jpg,Research Laboratories (Lab)
DATABASE RESEARCH Lab 1: Database 1,COM1 01-08,https://www.comp.nus.edu.sg/maps/photos#com1,https://www.comp.nus.edu.sg/images/resources/content/mapsvenues/COM1_L1.jpg,Research Laboratories (Lab)
DATABASE RESEARCH Lab 2: Database 2,COM1 01-11,https://www.comp.nus.edu.sg/maps/photos#com1,https://www.comp.nus.edu.sg/images/resources/content/mapsvenues/COM1_L1.jpg,Research Laboratories (Lab)
DATABASE RESEARCH Lab 3: Electronic Commerce & Database,COM1 01-07,https://www.comp.nus.edu.sg/maps/photos#com1,https://www.comp.nus.edu.sg/images/resources/content/mapsvenues/COM1_L1.jpg,Research Laboratories (Lab)
INFORMATION SYSTEMS RESEARCH Lab 1: Economics of IS Data Science & Business Analytics,COM2 01-02,https://www.comp.nus.edu.sg/maps/photos#com2,https://www.comp.nus.edu.sg/images/resources/content/mapsvenues/COM2_L1.jpg,Research Laboratories (Lab)
INFORMATION SYSTEMS RESEARCH Lab 2: Social Media & Digital Business Digital Innovation,COM2 01-03,https://www.comp.nus.edu.sg/maps/photos#com2,https://www.comp.nus.edu.sg/images/resources/content/mapsvenues/COM2_L1.jpg,Research Laboratories (Lab)
INFORMATION SYSTEMS RESEARCH Lab 3: Healthcare Informatics IS Development & Management,COM2 01-07,https://www.comp.nus.edu.sg/maps/photos#com2,https://www.comp.nus.edu.sg/images/resources/content/mapsvenues/COM2_L1.jpg,Research Laboratories (Lab)
ARTIFICIAL INTELLIGENCE RESEARCH LAB 4:I-Lab,i4.0 05-05,https://www.comp.nus.edu.sg/maps/photos#i4,,Research Laboratories (Lab)
MEDIA RESEARCH Lab 1: Geometry & Graphics,AS6 04-03,https://www.comp.nus.edu.sg/maps/photos#as6,https://www.comp.nus.edu.sg/images/resources/content/mapsvenues/AS6_L4.jpg,Research Laboratories (Lab)
MEDIA RESEARCH Lab 2: Computational Linguistics,AS6 04-13,https://www.comp.nus.edu.sg/maps/photos#as6,https://www.comp.nus.edu.sg/images/resources/content/mapsvenues/AS6_L4.jpg,Research Laboratories (Lab)
MEDIA RESEARCH Lab 3: Multimedia Analysis and Synthesis,AS6 05-01,https://www.comp.nus.edu.sg/maps/photos#as6,https://www.comp.nus.edu.sg/images/resources/content/mapsvenues/AS6_L5.jpg,Research Laboratories (Lab)
MEDIA RESEARCH Lab 4: Computer Vision,AS6 05-02,https://www.comp.nus.edu.sg/maps/photos#as6,https://www.comp.nus.edu.sg/images/resources/content/mapsvenues/AS6_L5.jpg,Research Laboratories (Lab)
MEDIA RESEARCH Lab 4B: Computer Vision,AS3 06-18,https://www.comp.nus.edu.sg/maps/photos#as3,https://www.comp.nus.edu.sg/images/resources/content/mapsvenues/AS3_L6.jpg,Research Laboratories (Lab)
MEDIA RESEARCH Lab 4C: Computer Vision,AS6 02-06/07,https://www.comp.nus.edu.sg/maps/photos#as6,https://www.comp.nus.edu.sg/images/resources/content/mapsvenues/AS6_L2.jpg,Research Laboratories (Lab)
MEDIA RESEARCH Lab 5: Visually Immersive Studio,AS6 05-17,https://www.comp.nus.edu.sg/maps/photos#as6,https://www.comp.nus.edu.sg/images/resources/content/mapsvenues/AS6_L5.jpg,Research Laboratories (Lab)
MEDIA RESEARCH Lab 6: Industry,AS6 05-21,https://www.comp.nus.edu.sg/maps/photos#as6,https://www.comp.nus.edu.sg/images/resources/content/mapsvenues/AS6_L5.jpg,Research Laboratories (Lab)
MEDIA RESEARCH Lab 7: Multimedia Systems,AS6 05-22,https://www.comp.nus.edu.sg/maps/photos#as6,https://www.comp.nus.edu.sg/images/resources/content/mapsvenues/AS6_L5.jpg,Research Laboratories (Lab)
MEDIA RESEARCH Lab 8: Media Search,AS6 05-25,https://www.comp.nus.edu.sg/maps/photos#as6,https://www.comp.nus.edu.sg/images/resources/content/mapsvenues/AS6_L5.jpg,Research Laboratories (Lab)
MEDIA RESEARCH Lab 9: Human Computer Interaction,COM2 01-05,https://www.comp.nus.edu.sg/maps/photos#com2,https://www.comp.nus.edu.sg/images/resources/content/mapsvenues/COM2_L1.jpg,Research Laboratories (Lab)
MEDIA RESEARCH Lab 10: Audio Lab 1,AS6 04-28,https://www.comp.nus.edu.sg/maps/photos#as6,https://www.comp.nus.edu.sg/images/resources/content/mapsvenues/AS6_L4.jpg,Research Laboratories (Lab)
MEDIA RESEARCH Lab 11: Audio Lab 2,AS6 04-14,https://www.comp.nus.edu.sg/maps/photos#as6,https://www.comp.nus.edu.sg/images/resources/content/mapsvenues/AS6_L4.jpg,Research Laboratories (Lab)
MEDIA RESEARCH Lab 12: Sensors Lab,AS6 05-23,https://www.comp.nus.edu.sg/maps/photos#as6,https://www.comp.nus.edu.sg/images/resources/content/mapsvenues/AS6_L5.jpg,Research Laboratories (Lab)
MEDIA RESEARCH Lab 13:NExT++,5PGP,,,Research Laboratories (Lab)
NUS-SINGTEL CYBER SECURITY RESEARCH Lab,i4.0 03-02,https://www.comp.nus.edu.sg/maps/photos#i4,,Research Laboratories (Lab)
PROGRAMMING LANGUAGES & SOFTWARE ENGINEERING Lab 1:Software Engineering,COM2 01-09,https://www.comp.nus.edu.sg/maps/photos#com2,https://www.comp.nus.edu.sg/images/resources/content/mapsvenues/COM2_L1.jpg,Research Laboratories (Lab)
PROGRAMMING LANGUAGES & SOFTWARE ENGINEERING Lab 2:Programming Languages & Software Engineering,COM2 04-04,https://www.comp.nus.edu.sg/maps/photos#com2,https://www.comp.nus.edu.sg/images/resources/content/mapsvenues/COM2_L4.jpg,Research Laboratories (Lab)
PROGRAMMING LANGUAGES & SOFTWARE ENGINEERING Lab 3:National Satellite of Excellence on Trustworthy Software Systems,COM2 01-06,https://www.comp.nus.edu.sg/maps/photos#com2,https://www.comp.nus.edu.sg/images/resources/content/mapsvenues/COM2_L1.jpg,Research Laboratories (Lab)
Robot Living Studio,COM1 01-24,https://www.comp.nus.edu.sg/maps/photos#com1,https://www.comp.nus.edu.sg/images/resources/content/mapsvenues/COM1_L1.jpg,Research Laboratories (Lab)
Robot Experiments Lab,COM2 01-04,https://www.comp.nus.edu.sg/maps/photos#com2,https://www.comp.nus.edu.sg/images/resources/content/mapsvenues/COM2_L1.jpg,Research Laboratories (Lab)
Singapore Cybersecurity Consortium,i4.0 02-05,https://www.comp.nus.edu.sg/maps/photos#i4,https://www.comp.nus.edu.sg/images/resources/content/mapsvenues/AS6_L4.jpg,Research Laboratories (Lab)
Singapore Data Science Consortium,i4.0 05-04,https://www.comp.nus.edu.sg/maps/photos#i4,,Research Laboratories (Lab)
SYSTEMS & NETWORKING RESEARCH Lab 1: Embedded Systems 1,COM1 01-10,https://www.comp.nus.edu.sg/maps/photos#com1,https://www.comp.nus.edu.sg/images/resources/content/mapsvenues/COM1_L1.jpg,Research Laboratories (Lab)
SYSTEMS & NETWORKING RESEARCH Lab 2: Embedded Systems 2,COM1 01-15,https://www.comp.nus.edu.sg/maps/photos#com1,https://www.comp.nus.edu.sg/images/resources/content/mapsvenues/COM1_L1.jpg,Research Laboratories (Lab)
SYSTEMS & NETWORKING RESEARCH Lab 3: Computer Systems,COM2 B-01 (COM2 B1-01),https://www.comp.nus.edu.sg/maps/photos#com2,https://www.comp.nus.edu.sg/images/resources/content/mapsvenues/COM2_Basement.jpg,Research Laboratories (Lab)
SYSTEMS & NETWORKING RESEARCH Lab 4: Network Systems & Services Communications & Internet Research 2,COM2 01-10,https://www.comp.nus.edu.sg/maps/photos#com2,https://www.comp.nus.edu.sg/images/resources/content/mapsvenues/COM2_L1.jpg,Research Laboratories (Lab)
SYSTEMS & NETWORKING RESEARCH Lab 5:Communications & Internet Research 1,COM2 B-03 (COM2 B1-03),https://www.comp.nus.edu.sg/maps/photos#com2,https://www.comp.nus.edu.sg/images/resources/content/mapsvenues/COM2_Basement.jpg,Research Laboratories (Lab)
SYSTEMS & NETWORKING RESEARCH Lab 6:Systems Security,COM2 B-02 (COM2 B1-02),https://www.comp.nus.edu.sg/maps/photos#com2,https://www.comp.nus.edu.sg/images/resources/content/mapsvenues/COM2_Basement.jpg,Research Laboratories (Lab)
SYSTEMS & NETWORKING RESEARCH Lab 7:TSUNAMI Centre on Software and Systems Security,AS6 04-11,https://www.comp.nus.edu.sg/maps/photos#as6,https://www.comp.nus.edu.sg/images/resources/content/mapsvenues/AS6_L4.jpg,Research Laboratories (Lab)
SYSTEMS & NETWORKING RESEARCH Lab 8:National Cybersecurity R&D Lab,COM1 01-16,https://www.comp.nus.edu.sg/maps/photos#com1,https://www.comp.nus.edu.sg/images/resources/content/mapsvenues/COM1_L1.jpg,Research Laboratories (Lab)
SYSTEMS & NETWORKING RESEARCH Lab 8:National Cybersecurity R&D Lab,i4.0 02-04,https://www.comp.nus.edu.sg/maps/photos#i4,,Research Laboratories (Lab)
SYSTEMS & NETWORKING RESEARCH Lab 8:National Cybersecurity R&D Lab,i4.0 02-05,https://www.comp.nus.edu.sg/maps/photos#i4,,Research Laboratories (Lab)
SYSTEMS & NETWORKING RESEARCH Lab 9:Crystal Centre,AS6 04-25,https://www.comp.nus.edu.sg/maps/photos#as6,https://www.comp.nus.edu.sg/images/resources/content/mapsvenues/AS6_L4.jpg,Research Laboratories (Lab)
Active Learning Lab,COM1 B1-03 (COM1-B103),https://www.comp.nus.edu.sg/maps/photos#com1,https://www.comp.nus.edu.sg/images/resources/content/mapsvenues/COM1_Basement.jpg,Teaching Laboratories (Lab)
Computation Lab 1 (Hosted at Programming Lab 3),COM1 B1-08 (COM1-B108),https://www.comp.nus.edu.sg/maps/photos#com1,https://www.comp.nus.edu.sg/images/resources/content/mapsvenues/COM1_Basement.jpg,Teaching Laboratories (Lab)
Computation Lab 2 (Hosted at Programming Lab 6),COM1 01-20 (COM1-0120),https://www.comp.nus.edu.sg/maps/photos#com1,https://www.comp.nus.edu.sg/images/resources/content/mapsvenues/COM1_L1.jpg,Teaching Laboratories (Lab)
Computation Lab 3 (To be announced),,,,Teaching Laboratories (Lab)
Data Communications and NetworkingLab/Parallel and Distributed Computing Lab,COM1 B1-02 (COM1-B102),https://www.comp.nus.edu.sg/maps/photos#com1,https://www.comp.nus.edu.sg/images/resources/content/mapsvenues/COM1_Basement.jpg,Teaching Laboratories (Lab)
Embedded Systems Teaching Lab 1,COM1 01-14 (COM1-0114),https://www.comp.nus.edu.sg/maps/photos#com1,https://www.comp.nus.edu.sg/images/resources/content/mapsvenues/COM1_L1.jpg,Teaching Laboratories (Lab)
Embedded Systems Teaching Lab 2,COM1 01-13 (COM1-0113),https://www.comp.nus.edu.sg/maps/photos#com1,https://www.comp.nus.edu.sg/images/resources/content/mapsvenues/COM1_L1.jpg,Teaching Laboratories (Lab)
Makers@SoC,COM1 02-02,https://www.comp.nus.edu.sg/maps/photos#com1,https://www.comp.nus.edu.sg/images/resources/content/mapsvenues/COM1_L2.jpg,Teaching Laboratories (Lab)
IS Teaching Lab,I3 03-37 (I3-0337),https://www.comp.nus.edu.sg/maps/photos#ICUBE,https://www.comp.nus.edu.sg/images/resources/content/mapsvenues/ICUBE_L3.jpg,Teaching Laboratories (Lab)
Logic and Microcomputer Lab  (Hosted at Embedded Systems Teaching Lab 1),COM1 01-14 (COM1-0114),https://www.comp.nus.edu.sg/maps/photos#com1,https://www.comp.nus.edu.sg/images/resources/content/mapsvenues/COM1_L1.jpg,Teaching Laboratories (Lab)
Media Teaching Lab 1,AS6 04-21 (AS6-0421),https://www.comp.nus.edu.sg/maps/photos#as6,https://www.comp.nus.edu.sg/images/resources/content/mapsvenues/AS6_L4.jpg,Teaching Laboratories (Lab)
Media Studio,AS6 04-23,https://www.comp.nus.edu.sg/maps/photos#as6,https://www.comp.nus.edu.sg/images/resources/content/mapsvenues/AS6_L4.jpg,Teaching Laboratories (Lab)
Media Teaching Lab 2A,AS6 04-26 (AS6-0426),https://www.comp.nus.edu.sg/maps/photos#as6,https://www.comp.nus.edu.sg/images/resources/content/mapsvenues/AS6_L4.jpg,Teaching Laboratories (Lab)
IT Security & OS Lab,COM1 B1-13 (COM1-B113),https://www.comp.nus.edu.sg/maps/photos#com1,https://www.comp.nus.edu.sg/images/resources/content/mapsvenues/COM1_Basement.jpg,Teaching Laboratories (Lab)
Programming Lab 1 (PL1),COM1 B1-12 (COM1-B112),https://www.comp.nus.edu.sg/maps/photos#com1,https://www.comp.nus.edu.sg/images/resources/content/mapsvenues/COM1_Basement.jpg,Teaching Laboratories (Lab)
Programming Lab 2 (PL2),COM1 B1-09 (COM1-B109),https://www.comp.nus.edu.sg/maps/photos#com1,https://www.comp.nus.edu.sg/images/resources/content/mapsvenues/COM1_Basement.jpg,Teaching Laboratories (Lab)
Programming Lab 3 (PL3),COM1 B1-08 (COM1-B108),https://www.comp.nus.edu.sg/maps/photos#com1,https://www.comp.nus.edu.sg/images/resources/content/mapsvenues/COM1_Basement.jpg,Teaching Laboratories (Lab)
Programming Lab 4 (PL4),COM1 B1-11 (COM1-B111),https://www.comp.nus.edu.sg/maps/photos#com1,https://www.comp.nus.edu.sg/images/resources/content/mapsvenues/COM1_Basement.jpg,Teaching Laboratories (Lab)
Programming Lab 5 (PL5),COM1 B1-10 (COM1-B110),https://www.comp.nus.edu.sg/maps/photos#com1,https://www.comp.nus.edu.sg/images/resources/content/mapsvenues/COM1_Basement.jpg,Teaching Laboratories (Lab)
Programming Lab 6 (PL6),COM1 01-20 (COM1-0120),https://www.comp.nus.edu.sg/maps/photos#com1,https://www.comp.nus.edu.sg/images/resources/content/mapsvenues/COM1_L1.jpg,Teaching Laboratories (Lab)
STMI Solutions Lab,I3 03-41,https://www.comp.nus.edu.sg/maps/photos#ICUBE,https://www.comp.nus.edu.sg/images/resources/content/mapsvenues/ICUBE_L3.jpg,Teaching Laboratories (Lab)
Workstation Lab 1,I3 03-39 (I3-0339),https://www.comp.nus.edu.sg/maps/photos#ICUBE,https://www.comp.nus.edu.sg/images/resources/content/mapsvenues/ICUBE_L3.jpg,Teaching Laboratories (Lab)
Workstation Lab 2,I3 03-38 (I3-0338),https://www.comp.nus.edu.sg/maps/photos#ICUBE,https://www.comp.nus.edu.sg/images/resources/content/mapsvenues/ICUBE_L3.jpg,Teaching Laboratories (Lab)
Workstation Lab 3,I3 03-36 (I3-0336),https://www.comp.nus.edu.sg/maps/photos#ICUBE,https://www.comp.nus.edu.sg/images/resources/content/mapsvenues/ICUBE_L3.jpg,Teaching Laboratories (Lab)
ICPC Lab,COM1 02-15,https://www.comp.nus.edu.sg/maps/photos#com1,https://www.comp.nus.edu.sg/images/resources/content/mapsvenues/COM1_L2.jpg,Student Lab
Hackerspace NUS,AS6 02-09,https://www.comp.nus.edu.sg/maps/photos#as6,https://www.comp.nus.edu.sg/images/resources/content/mapsvenues/AS6_L2.jpg,Student Lab
IS Special Programme Room / BiZiT,COM2 02-39 /40/41,https://www.comp.nus.edu.sg/maps/photos#com2,https://www.comp.nus.edu.sg/images/resources/content/mapsvenues/COM2_L2.jpg,Student Lab
GS Lab@COM2,COM2 02-67,https://www.comp.nus.edu.sg/maps/photos#com2,https://www.comp.nus.edu.sg/images/resources/content/mapsvenues/COM2_L2.jpg,Student Lab
Tech Hangout,COM1 B1-01,https://www.comp.nus.edu.sg/maps/photos#com1,https://www.comp.nus.edu.sg/images/resources/content/mapsvenues/COM1_Basement.jpg,Student Area
General Area,COM1 02 foyer,https://www.comp.nus.edu.sg/maps/photos#com1,https://www.comp.nus.edu.sg/images/resources/content/mapsvenues/COM1_L2.jpg,Student Area
NUS Students' Computing Club,COM1 02-18,https://www.comp.nus.edu.sg/maps/photos#com1,https://www.comp.nus.edu.sg/images/resources/content/mapsvenues/COM1_L2.jpg,Student Area
CISAA,COM2 02-09,https://www.comp.nus.edu.sg/maps/photos#com2,https://www.comp.nus.edu.sg/images/resources/content/mapsvenues/COM2_L2.jpg,Alumni Office
Adhocado,I3 03-26,https://www.comp.nus.edu.sg/maps/photos#ICUBE,https://www.comp.nus.edu.sg/images/resources/content/mapsvenues/ICUBE_L3.jpg,SoC Incubation Centre
bantu Pte Ltd,I3 03-24,https://www.comp.nus.edu.sg/maps/photos#ICUBE,https://www.comp.nus.edu.sg/images/resources/content/mapsvenues/ICUBE_L3.jpg,SoC Incubation Centre
Factorem,I3 03-23,https://www.comp.nus.edu.sg/maps/photos#ICUBE,https://www.comp.nus.edu.sg/images/resources/content/mapsvenues/ICUBE_L3.jpg,SoC Incubation Centre
JumpQueue,I3 03-29,https://www.comp.nus.edu.sg/maps/photos#ICUBE,https://www.comp.nus.edu.sg/images/resources/content/mapsvenues/ICUBE_L3.jpg,SoC Incubation Centre
Kram,I3 03-21,https://www.comp.nus.edu.sg/maps/photos#ICUBE,https://www.comp.nus.edu.sg/images/resources/content/mapsvenues/ICUBE_L3.jpg,SoC Incubation Centre
Learnseeker,I3 03-22,https://www.comp.nus.edu.sg/maps/photos#ICUBE,https://www.comp.nus.edu.sg/images/resources/content/mapsvenues/ICUBE_L3.jpg,SoC Incubation Centre
Poodle Finance,I3 03-25,https://www.comp.nus.edu.sg/maps/photos#ICUBE,https://www.comp.nus.edu.sg/images/resources/content/mapsvenues/ICUBE_L3.jpg,SoC Incubation Centre
ViraSpace,I3 03-30,https://www.comp.nus.edu.sg/maps/photos#ICUBE,https://www.comp.nus.edu.sg/images/resources/content/mapsvenues/ICUBE_L3.jpg,SoC Incubation Centre
Waffle Technologies,I3 03-19,https://www.comp.nus.edu.sg/maps/photos#ICUBE,https://www.comp.nus.edu.sg/images/resources/content/mapsvenues/ICUBE_L3.jpg,SoC Incubation Centre